{"recv": [{"id": "0", "time": "2021-12-24 10:47:59"}, {"id": "2", "time": "2021-12-24 10:47:59"}, {"id": "1", "time": "2021-12-24 10:48:00"}, {"id": "3", "time": "2021-12-24 10:48:00"}, {"id": "4", "time": "2021-12-24 10:48:01"}, {"id": "5", "time": "2021-12-24 10:48:02"}, {"id": "6", "time": "2021-12-24 10:48:03"}, {"id": "8", "time": "2021-12-24 10:48:03"}, {"id": "9", "time": "2021-12-24 10:48:03"}, {"id": "13", "time": "2021-12-24 10:48:04"}, {"id": "12", "time": "2021-12-24 10:48:04"}, {"id": "7", "time": "2021-12-24 10:48:04"}, {"id": "10", "time": "2021-12-24 10:48:05"}, {"id": "14", "time": "2021-12-24 10:48:05"}, {"id": "11", "time": "2021-12-24 10:48:06"}, {"id": "15", "time": "2021-12-24 10:48:09"}]}