{"send": [{"id": "0", "time": "2021-12-24 11:38:30", "state": "sended"}, {"id": "1", "time": "2021-12-24 11:38:30", "state": "sended"}, {"id": "2", "time": "2021-12-24 11:38:31", "state": "sended"}, {"id": "2", "time": "2021-12-24 11:38:31", "state": "received"}, {"id": "3", "time": "2021-12-24 11:38:31", "state": "sended"}, {"id": "3", "time": "2021-12-24 11:38:32", "state": "received"}, {"id": "4", "time": "2021-12-24 11:38:32", "state": "sended"}, {"id": "0", "time": "2021-12-24 11:38:32", "state": "received"}, {"id": "5", "time": "2021-12-24 11:38:32", "state": "sended"}, {"id": "6", "time": "2021-12-24 11:38:33", "state": "sended"}, {"id": "7", "time": "2021-12-24 11:38:33", "state": "sended"}, {"id": "8", "time": "2021-12-24 11:38:34", "state": "sended"}, {"id": "1", "time": "2021-12-24 11:38:35", "state": "received"}, {"id": "4", "time": "2021-12-24 11:38:35", "state": "received"}, {"id": "9", "time": "2021-12-24 11:38:35", "state": "sended"}, {"id": "5", "time": "2021-12-24 11:38:36", "state": "received"}, {"id": "10", "time": "2021-12-24 11:38:36", "state": "sended"}, {"id": "7", "time": "2021-12-24 11:38:36", "state": "received"}, {"id": "11", "time": "2021-12-24 11:38:36", "state": "sended"}, {"id": "8", "time": "2021-12-24 11:38:36", "state": "received"}, {"id": "12", "time": "2021-12-24 11:38:37", "state": "sended"}, {"id": "6", "time": "2021-12-24 11:38:37", "state": "received"}, {"id": "12", "time": "2021-12-24 11:38:37", "state": "received"}, {"id": "13", "time": "2021-12-24 11:38:37", "state": "sended"}, {"id": "14", "time": "2021-12-24 11:38:38", "state": "sended"}, {"id": "15", "time": "2021-12-24 11:38:39", "state": "sended"}, {"id": "9", "time": "2021-12-24 11:38:39", "state": "received"}, {"id": "13", "time": "2021-12-24 11:38:39", "state": "received"}, {"id": "14", "time": "2021-12-24 11:38:39", "state": "received"}, {"id": "10", "time": "2021-12-24 11:38:40", "state": "received"}, {"id": "11", "time": "2021-12-24 11:38:41", "state": "received"}, {"id": "15", "time": "2021-12-24 11:38:42", "state": "received"}]}