{"send": [{"id": 0, "time": "2021-12-30 13:40:03", "state": "sended"}, {"id": 1, "time": "2021-12-30 13:40:04", "state": "sended"}, {"id": 2, "time": "2021-12-30 13:40:04", "state": "sended"}, {"id": 3, "time": "2021-12-30 13:40:05", "state": "sended"}, {"id": 4, "time": "2021-12-30 13:40:05", "state": "sended"}, {"id": 5, "time": "2021-12-30 13:40:06", "state": "sended"}, {"id": 6, "time": "2021-12-30 13:40:06", "state": "sended"}, {"id": 7, "time": "2021-12-30 13:40:07", "state": "sended"}, {"id": 3, "time": "2021-12-30 13:40:21", "state": "resended"}, {"id": 9, "time": "2021-12-30 13:40:25", "state": "resended"}, {"id": 10, "time": "2021-12-30 13:40:27", "state": "resended"}, {"id": 11, "time": "2021-12-30 13:40:38", "state": "resended"}, {"id": 12, "time": "2021-12-30 13:40:39", "state": "resended"}, {"id": 13, "time": "2021-12-30 13:40:41", "state": "resended"}, {"id": 9, "time": "2021-12-30 13:40:41", "state": "resended"}, {"id": 14, "time": "2021-12-30 13:40:42", "state": "resended"}, {"id": 10, "time": "2021-12-30 13:40:42", "state": "resended"}, {"id": 15, "time": "2021-12-30 13:40:44", "state": "resended"}, {"id": 0, "time": "2021-12-30 13:40:45", "state": "resended"}, {"id": 11, "time": "2021-12-30 13:40:52", "state": "resended"}, {"id": 12, "time": "2021-12-30 13:40:54", "state": "resended"}, {"id": 13, "time": "2021-12-30 13:40:56", "state": "resended"}, {"id": 14, "time": "2021-12-30 13:40:57", "state": "resended"}, {"id": 10, "time": "2021-12-30 13:40:57", "state": "resended"}, {"id": 15, "time": "2021-12-30 13:40:59", "state": "resended"}, {"id": 0, "time": "2021-12-30 13:41:00", "state": "resended"}, {"id": 11, "time": "2021-12-30 13:41:08", "state": "resended"}, {"id": 12, "time": "2021-12-30 13:41:09", "state": "resended"}, {"id": 13, "time": "2021-12-30 13:41:11", "state": "resended"}, {"id": 9, "time": "2021-12-30 13:41:11", "state": "resended"}, {"id": 14, "time": "2021-12-30 13:41:12", "state": "resended"}, {"id": 10, "time": "2021-12-30 13:41:12", "state": "resended"}, {"id": 15, "time": "2021-12-30 13:41:14", "state": "resended"}, {"id": 11, "time": "2021-12-30 13:41:23", "state": "resended"}, {"id": 12, "time": "2021-12-30 13:41:24", "state": "resended"}, {"id": 13, "time": "2021-12-30 13:41:26", "state": "resended"}, {"id": 9, "time": "2021-12-30 13:41:26", "state": "resended"}, {"id": 10, "time": "2021-12-30 13:41:27", "state": "resended"}, {"id": 15, "time": "2021-12-30 13:41:29", "state": "resended"}, {"id": 0, "time": "2021-12-30 13:41:30", "state": "resended"}, {"id": 11, "time": "2021-12-30 13:41:37", "state": "resended"}, {"id": 12, "time": "2021-12-30 13:41:39", "state": "resended"}, {"id": 13, "time": "2021-12-30 13:41:41", "state": "resended"}, {"id": 14, "time": "2021-12-30 13:41:42", "state": "resended"}, {"id": 10, "time": "2021-12-30 13:41:43", "state": "resended"}], "recv": [{"id": 1, "time": "2021-12-30 13:40:05", "state": "received"}, {"id": 3, "time": "2021-12-30 13:40:06", "state": "checknum-error"}, {"id": 4, "time": "2021-12-30 13:40:07", "state": "received"}, {"id": 6, "time": "2021-12-30 13:40:07", "state": "received"}, {"id": 0, "time": "2021-12-30 13:40:08", "state": "received"}, {"id": 2, "time": "2021-12-30 13:40:08", "state": "received"}, {"id": 9, "time": "2021-12-30 13:40:11", "state": "processed"}, {"id": 10, "time": "2021-12-30 13:40:15", "state": "checknum-error"}, {"id": 3, "time": "2021-12-30 13:40:21", "state": "lost"}, {"id": 11, "time": "2021-12-30 13:40:23", "state": "processed"}, {"id": 12, "time": "2021-12-30 13:40:25", "state": "processed"}, {"id": 9, "time": "2021-12-30 13:40:25", "state": "lost"}, {"id": 10, "time": "2021-12-30 13:40:27", "state": "lost"}, {"id": 14, "time": "2021-12-30 13:40:28", "state": "processed"}, {"id": 9, "time": "2021-12-30 13:40:28", "state": "processed"}, {"id": 13, "time": "2021-12-30 13:40:28", "state": "processed"}, {"id": 10, "time": "2021-12-30 13:40:31", "state": "processed"}, {"id": 15, "time": "2021-12-30 13:40:31", "state": "processed"}, {"id": 0, "time": "2021-12-30 13:40:32", "state": "processed"}, {"id": 11, "time": "2021-12-30 13:40:38", "state": "lost"}, {"id": 12, "time": "2021-12-30 13:40:40", "state": "lost"}, {"id": 13, "time": "2021-12-30 13:40:41", "state": "lost"}, {"id": 13, "time": "2021-12-30 13:40:41", "state": "processed"}, {"id": 9, "time": "2021-12-30 13:40:41", "state": "lost"}, {"id": 11, "time": "2021-12-30 13:40:42", "state": "processed"}, {"id": 12, "time": "2021-12-30 13:40:43", "state": "processed"}, {"id": 10, "time": "2021-12-30 13:40:43", "state": "lost"}, {"id": 9, "time": "2021-12-30 13:40:43", "state": "processed"}, {"id": 15, "time": "2021-12-30 13:40:44", "state": "lost"}, {"id": 0, "time": "2021-12-30 13:40:45", "state": "lost"}, {"id": 10, "time": "2021-12-30 13:40:46", "state": "processed"}, {"id": 15, "time": "2021-12-30 13:40:48", "state": "processed"}, {"id": 0, "time": "2021-12-30 13:40:50", "state": "processed"}, {"id": 11, "time": "2021-12-30 13:40:53", "state": "lost"}, {"id": 11, "time": "2021-12-30 13:40:53", "state": "processed"}, {"id": 12, "time": "2021-12-30 13:40:54", "state": "lost"}, {"id": 13, "time": "2021-12-30 13:40:56", "state": "lost"}, {"id": 14, "time": "2021-12-30 13:40:57", "state": "lost"}, {"id": 10, "time": "2021-12-30 13:40:58", "state": "lost"}, {"id": 12, "time": "2021-12-30 13:40:58", "state": "processed"}, {"id": 15, "time": "2021-12-30 13:40:59", "state": "lost"}, {"id": 14, "time": "2021-12-30 13:40:59", "state": "processed"}, {"id": 10, "time": "2021-12-30 13:41:00", "state": "processed"}, {"id": 13, "time": "2021-12-30 13:41:00", "state": "processed"}, {"id": 0, "time": "2021-12-30 13:41:01", "state": "lost"}, {"id": 15, "time": "2021-12-30 13:41:02", "state": "processed"}, {"id": 0, "time": "2021-12-30 13:41:05", "state": "processed"}, {"id": 11, "time": "2021-12-30 13:41:08", "state": "lost"}, {"id": 11, "time": "2021-12-30 13:41:08", "state": "processed"}, {"id": 12, "time": "2021-12-30 13:41:10", "state": "processed"}, {"id": 12, "time": "2021-12-30 13:41:10", "state": "lost"}, {"id": 13, "time": "2021-12-30 13:41:11", "state": "lost"}, {"id": 9, "time": "2021-12-30 13:41:12", "state": "lost"}, {"id": 10, "time": "2021-12-30 13:41:13", "state": "lost"}, {"id": 15, "time": "2021-12-30 13:41:14", "state": "lost"}, {"id": 14, "time": "2021-12-30 13:41:15", "state": "processed"}, {"id": 10, "time": "2021-12-30 13:41:15", "state": "processed"}, {"id": 13, "time": "2021-12-30 13:41:15", "state": "processed"}, {"id": 9, "time": "2021-12-30 13:41:15", "state": "processed"}, {"id": 15, "time": "2021-12-30 13:41:16", "state": "processed"}, {"id": 0, "time": "2021-12-30 13:41:17", "state": "processed"}, {"id": 11, "time": "2021-12-30 13:41:23", "state": "lost"}, {"id": 12, "time": "2021-12-30 13:41:25", "state": "lost"}, {"id": 13, "time": "2021-12-30 13:41:26", "state": "lost"}, {"id": 9, "time": "2021-12-30 13:41:27", "state": "lost"}, {"id": 10, "time": "2021-12-30 13:41:28", "state": "lost"}, {"id": 13, "time": "2021-12-30 13:41:28", "state": "processed"}, {"id": 9, "time": "2021-12-30 13:41:28", "state": "processed"}, {"id": 12, "time": "2021-12-30 13:41:29", "state": "processed"}, {"id": 15, "time": "2021-12-30 13:41:29", "state": "lost"}, {"id": 0, "time": "2021-12-30 13:41:30", "state": "lost"}, {"id": 10, "time": "2021-12-30 13:41:32", "state": "processed"}, {"id": 14, "time": "2021-12-30 13:41:32", "state": "checknum-error"}, {"id": 15, "time": "2021-12-30 13:41:32", "state": "processed"}, {"id": 0, "time": "2021-12-30 13:41:33", "state": "checknum-error"}, {"id": 11, "time": "2021-12-30 13:41:38", "state": "lost"}, {"id": 11, "time": "2021-12-30 13:41:39", "state": "checknum-error"}, {"id": 12, "time": "2021-12-30 13:41:39", "state": "lost"}, {"id": 12, "time": "2021-12-30 13:41:39", "state": "processed"}, {"id": 13, "time": "2021-12-30 13:41:41", "state": "lost"}, {"id": 13, "time": "2021-12-30 13:41:41", "state": "processed"}, {"id": 10, "time": "2021-12-30 13:41:43", "state": "lost"}]}