{"sendwindow": [{"id": 0, "status": "full"}, {"id": 1, "status": "full"}, {"id": 2, "status": "full"}, {"id": 3, "status": "empty"}, {"id": 4, "status": "full"}, {"id": 5, "status": "empty"}, {"id": 6, "status": "full"}, {"id": 7, "status": "empty"}], "recvwindow": [{"id": 0, "status": "full"}, {"id": 1, "status": "full"}, {"id": 2, "status": "full"}, {"id": 3, "status": "empty"}, {"id": 4, "status": "full"}, {"id": 5, "status": "empty"}, {"id": 6, "status": "full"}, {"id": 7, "status": "empty"}]}